"Id";"Designator";"Footprint";"Quantity";"Designation";"Supplier and ref";
1;"Backup_Battery1";"CR44_Tabs";1;"Battery_Cell";;;
2;"R5,R6";"R_0603_1608Metric";2;"4.7k";;;
3;"R2,R3";"R_0603_1608Metric";2;"10k";;;
4;"A2";"Adafruit_Feather";1;"Adafruit_Feather_Generic";;;
5;"R1";"R_0603_1608Metric";1;"100K";;;
6;"SW2,SW1";"SW_Push_1P1T_NO_Vertical_Wuerth_434133025816";2;"SW_Push";;;
7;"RV1";"RV_3032_C7";1;"~";;;
8;"A1";"Arduino_Nano";1;"Arduino_Nano_v3.x";;;
9;"LCD";"TE_1-1734839-0_1x10-1MP_P0.5mm_Horizontal";1;"~";;;
10;"QWIIC";"JST_SH_SM04B-SRSS-TB_1x04-1MP_P1.00mm_Horizontal";1;"QWIIC";;;
11;"R4";"R_0603_1608Metric";1;"10K";;;
