<?xml version="1.0" encoding="UTF-8"?>
<export version="E">
  <design>
    <source>/Users/laurencebank/Documents/ds3231_plus/ds3231_plus.kicad_sch</source>
    <date>Tuesday, January 03, 2023 at 06:59:54 PM</date>
    <tool>Eeschema (6.0.9-0)</tool>
    <sheet number="1" name="/" tstamps="/">
      <title_block>
        <title>DS3231_PI_Plus</title>
        <company>BitBank Software, Inc.</company>
        <rev>1.0</rev>
        <date>2023-01-02</date>
        <source>ds3231_plus.kicad_sch</source>
        <comment number="1" value="An improved DS3231 breakout for RPI and Arduino"/>
        <comment number="2" value=""/>
        <comment number="3" value=""/>
        <comment number="4" value=""/>
        <comment number="5" value=""/>
        <comment number="6" value=""/>
        <comment number="7" value=""/>
        <comment number="8" value=""/>
        <comment number="9" value=""/>
      </title_block>
    </sheet>
  </design>
  <components>
    <comp ref="BT1">
      <value>3.0</value>
      <footprint>Battery:BatteryHolder_Keystone_2998_1x6.8mm</footprint>
      <libsource lib="Device" part="Battery" description="Multiple-cell battery"/>
      <property name="Sheetname" value=""/>
      <property name="Sheetfile" value="ds3231_plus.kicad_sch"/>
      <sheetpath names="/" tstamps="/"/>
      <tstamps>df37e42e-83cd-4302-ab47-81a50e2b9f07</tstamps>
    </comp>
    <comp ref="C1">
      <value>100n</value>
      <footprint>Capacitor_SMD:C_0603_1608Metric</footprint>
      <libsource lib="Device" part="C" description="Unpolarized capacitor"/>
      <property name="Sheetname" value=""/>
      <property name="Sheetfile" value="ds3231_plus.kicad_sch"/>
      <sheetpath names="/" tstamps="/"/>
      <tstamps>428aafac-ad25-422e-925b-94efb57a53d6</tstamps>
    </comp>
    <comp ref="H1">
      <value>MountingHole</value>
      <footprint>MountingHole:MountingHole_2.1mm</footprint>
      <libsource lib="Mechanical" part="MountingHole" description="Mounting Hole without connection"/>
      <property name="Sheetname" value=""/>
      <property name="Sheetfile" value="ds3231_plus.kicad_sch"/>
      <sheetpath names="/" tstamps="/"/>
      <tstamps>0e090ac3-d2b6-4770-8e5e-a8aa5abe0f67</tstamps>
    </comp>
    <comp ref="J1">
      <value>Conn_01x04_Female</value>
      <footprint>Connector_JST:JST_SH_SM04B-SRSS-TB_1x04-1MP_P1.00mm_Horizontal</footprint>
      <libsource lib="Connector" part="Conn_01x04_Female" description="Generic connector, single row, 01x04, script generated (kicad-library-utils/schlib/autogen/connector/)"/>
      <property name="Sheetname" value=""/>
      <property name="Sheetfile" value="ds3231_plus.kicad_sch"/>
      <sheetpath names="/" tstamps="/"/>
      <tstamps>7e807346-b936-41ee-880c-90cfd065f402</tstamps>
    </comp>
    <comp ref="J2">
      <value>Conn_01x05_Female</value>
      <footprint>Connector_PinHeader_2.54mm:PinHeader_1x05_P2.54mm_Vertical</footprint>
      <libsource lib="Connector" part="Conn_01x05_Female" description="Generic connector, single row, 01x05, script generated (kicad-library-utils/schlib/autogen/connector/)"/>
      <property name="Sheetname" value=""/>
      <property name="Sheetfile" value="ds3231_plus.kicad_sch"/>
      <sheetpath names="/" tstamps="/"/>
      <tstamps>a856775a-bc32-4435-bc7a-d2b03c7643c8</tstamps>
    </comp>
    <comp ref="R1">
      <value>4k7</value>
      <footprint>Resistor_SMD:R_0603_1608Metric</footprint>
      <libsource lib="Device" part="R" description="Resistor"/>
      <property name="Sheetname" value=""/>
      <property name="Sheetfile" value="ds3231_plus.kicad_sch"/>
      <sheetpath names="/" tstamps="/"/>
      <tstamps>b644e6b3-4ff1-4c14-b806-729a9e1efb46</tstamps>
    </comp>
    <comp ref="R2">
      <value>4k7</value>
      <footprint>Resistor_SMD:R_0603_1608Metric</footprint>
      <libsource lib="Device" part="R" description="Resistor"/>
      <property name="Sheetname" value=""/>
      <property name="Sheetfile" value="ds3231_plus.kicad_sch"/>
      <sheetpath names="/" tstamps="/"/>
      <tstamps>a9670609-d02b-4352-a642-a999ba79d309</tstamps>
    </comp>
    <comp ref="R3">
      <value>4k7</value>
      <footprint>Resistor_SMD:R_0603_1608Metric</footprint>
      <libsource lib="Device" part="R" description="Resistor"/>
      <property name="Sheetname" value=""/>
      <property name="Sheetfile" value="ds3231_plus.kicad_sch"/>
      <sheetpath names="/" tstamps="/"/>
      <tstamps>ebb25fb4-c563-4be3-a2a6-86002175bbd2</tstamps>
    </comp>
    <comp ref="SW1">
      <value>SW_DIP_x01</value>
      <footprint>Button_Switch_SMD:SW_DIP_SPSTx01_Slide_Copal_CHS-01B_W7.62mm_P1.27mm</footprint>
      <libsource lib="Switch" part="SW_DIP_x01" description="1x DIP Switch, Single Pole Single Throw (SPST) switch, small symbol"/>
      <property name="Sheetname" value=""/>
      <property name="Sheetfile" value="ds3231_plus.kicad_sch"/>
      <sheetpath names="/" tstamps="/"/>
      <tstamps>c8941659-8763-490c-b03c-2b5ae0124c5f</tstamps>
    </comp>
    <comp ref="U1">
      <value>DS3231M</value>
      <footprint>Package_SO:SOIC-16W_7.5x10.3mm_P1.27mm</footprint>
      <datasheet>http://datasheets.maximintegrated.com/en/ds/DS3231.pdf</datasheet>
      <libsource lib="Timer_RTC" part="DS3231M" description="Extremely Accurate I2C-Integrated RTC/TCXO/Crystal SOIC-16"/>
      <property name="Sheetname" value=""/>
      <property name="Sheetfile" value="ds3231_plus.kicad_sch"/>
      <sheetpath names="/" tstamps="/"/>
      <tstamps>dedb6e8f-4d22-4347-b772-255ddf83d8cf</tstamps>
    </comp>
  </components>
  <libparts>
    <libpart lib="Connector" part="Conn_01x04_Female">
      <description>Generic connector, single row, 01x04, script generated (kicad-library-utils/schlib/autogen/connector/)</description>
      <docs>~</docs>
      <footprints>
        <fp>Connector*:*_1x??_*</fp>
      </footprints>
      <fields>
        <field name="Reference">J</field>
        <field name="Value">Conn_01x04_Female</field>
        <field name="Datasheet">~</field>
      </fields>
      <pins>
        <pin num="1" name="Pin_1" type="passive"/>
        <pin num="2" name="Pin_2" type="passive"/>
        <pin num="3" name="Pin_3" type="passive"/>
        <pin num="4" name="Pin_4" type="passive"/>
      </pins>
    </libpart>
    <libpart lib="Connector" part="Conn_01x05_Female">
      <description>Generic connector, single row, 01x05, script generated (kicad-library-utils/schlib/autogen/connector/)</description>
      <docs>~</docs>
      <footprints>
        <fp>Connector*:*_1x??_*</fp>
      </footprints>
      <fields>
        <field name="Reference">J</field>
        <field name="Value">Conn_01x05_Female</field>
        <field name="Datasheet">~</field>
      </fields>
      <pins>
        <pin num="1" name="Pin_1" type="passive"/>
        <pin num="2" name="Pin_2" type="passive"/>
        <pin num="3" name="Pin_3" type="passive"/>
        <pin num="4" name="Pin_4" type="passive"/>
        <pin num="5" name="Pin_5" type="passive"/>
      </pins>
    </libpart>
    <libpart lib="Device" part="Battery">
      <description>Multiple-cell battery</description>
      <docs>~</docs>
      <fields>
        <field name="Reference">BT</field>
        <field name="Value">Battery</field>
        <field name="Datasheet">~</field>
      </fields>
      <pins>
        <pin num="1" name="+" type="passive"/>
        <pin num="2" name="-" type="passive"/>
      </pins>
    </libpart>
    <libpart lib="Device" part="C">
      <description>Unpolarized capacitor</description>
      <docs>~</docs>
      <footprints>
        <fp>C_*</fp>
      </footprints>
      <fields>
        <field name="Reference">C</field>
        <field name="Value">C</field>
        <field name="Datasheet">~</field>
      </fields>
      <pins>
        <pin num="1" name="" type="passive"/>
        <pin num="2" name="" type="passive"/>
      </pins>
    </libpart>
    <libpart lib="Device" part="R">
      <description>Resistor</description>
      <docs>~</docs>
      <footprints>
        <fp>R_*</fp>
      </footprints>
      <fields>
        <field name="Reference">R</field>
        <field name="Value">R</field>
        <field name="Datasheet">~</field>
      </fields>
      <pins>
        <pin num="1" name="" type="passive"/>
        <pin num="2" name="" type="passive"/>
      </pins>
    </libpart>
    <libpart lib="Mechanical" part="MountingHole">
      <description>Mounting Hole without connection</description>
      <docs>~</docs>
      <footprints>
        <fp>MountingHole*</fp>
      </footprints>
      <fields>
        <field name="Reference">H</field>
        <field name="Value">MountingHole</field>
        <field name="Datasheet">~</field>
      </fields>
    </libpart>
    <libpart lib="Switch" part="SW_DIP_x01">
      <description>1x DIP Switch, Single Pole Single Throw (SPST) switch, small symbol</description>
      <docs>~</docs>
      <footprints>
        <fp>SW?DIP?x1*</fp>
      </footprints>
      <fields>
        <field name="Reference">SW</field>
        <field name="Value">SW_DIP_x01</field>
        <field name="Datasheet">~</field>
      </fields>
      <pins>
        <pin num="1" name="" type="passive"/>
        <pin num="2" name="" type="passive"/>
      </pins>
    </libpart>
    <libpart lib="Timer_RTC" part="DS3231M">
      <description>Extremely Accurate I2C-Integrated RTC/TCXO/Crystal SOIC-16</description>
      <docs>http://datasheets.maximintegrated.com/en/ds/DS3231.pdf</docs>
      <footprints>
        <fp>SOIC*7.5x10.3mm*P1.27mm*</fp>
      </footprints>
      <fields>
        <field name="Reference">U</field>
        <field name="Value">DS3231M</field>
        <field name="Footprint">Package_SO:SOIC-16W_7.5x10.3mm_P1.27mm</field>
        <field name="Datasheet">http://datasheets.maximintegrated.com/en/ds/DS3231.pdf</field>
      </fields>
      <pins>
        <pin num="1" name="32KHZ" type="open_collector"/>
        <pin num="2" name="VCC" type="power_in"/>
        <pin num="3" name="~{INT}/SQW" type="open_collector"/>
        <pin num="4" name="~{RST}" type="bidirectional"/>
        <pin num="5" name="GND" type="passive"/>
        <pin num="6" name="GND" type="passive"/>
        <pin num="7" name="GND" type="passive"/>
        <pin num="8" name="GND" type="passive"/>
        <pin num="9" name="GND" type="passive"/>
        <pin num="10" name="GND" type="passive"/>
        <pin num="11" name="GND" type="passive"/>
        <pin num="12" name="GND" type="passive"/>
        <pin num="13" name="GND" type="power_in"/>
        <pin num="14" name="VBAT" type="power_in"/>
        <pin num="15" name="SDA" type="bidirectional"/>
        <pin num="16" name="SCL" type="input"/>
      </pins>
    </libpart>
  </libparts>
  <libraries>
    <library logical="Connector">
      <uri>/Applications/KiCad/KiCad.app/Contents/SharedSupport/symbols//Connector.kicad_sym</uri>
    </library>
    <library logical="Device">
      <uri>/Applications/KiCad/KiCad.app/Contents/SharedSupport/symbols//Device.kicad_sym</uri>
    </library>
    <library logical="Mechanical">
      <uri>/Applications/KiCad/KiCad.app/Contents/SharedSupport/symbols//Mechanical.kicad_sym</uri>
    </library>
    <library logical="Switch">
      <uri>/Applications/KiCad/KiCad.app/Contents/SharedSupport/symbols//Switch.kicad_sym</uri>
    </library>
    <library logical="Timer_RTC">
      <uri>/Applications/KiCad/KiCad.app/Contents/SharedSupport/symbols//Timer_RTC.kicad_sym</uri>
    </library>
  </libraries>
  <nets>
    <net code="1" name="+3.3V">
      <node ref="C1" pin="1" pintype="passive"/>
      <node ref="J1" pin="3" pinfunction="Pin_3" pintype="passive"/>
      <node ref="J2" pin="5" pinfunction="Pin_5" pintype="passive"/>
      <node ref="R1" pin="1" pintype="passive"/>
      <node ref="R2" pin="1" pintype="passive"/>
      <node ref="R3" pin="1" pintype="passive"/>
      <node ref="U1" pin="2" pinfunction="VCC" pintype="power_in"/>
    </net>
    <net code="2" name="/INT">
      <node ref="J2" pin="2" pinfunction="Pin_2" pintype="passive"/>
      <node ref="R3" pin="2" pintype="passive"/>
      <node ref="U1" pin="3" pinfunction="~{INT}/SQW" pintype="open_collector"/>
    </net>
    <net code="3" name="/SCL">
      <node ref="J1" pin="1" pinfunction="Pin_1" pintype="passive"/>
      <node ref="J2" pin="3" pinfunction="Pin_3" pintype="passive"/>
      <node ref="R2" pin="2" pintype="passive"/>
      <node ref="U1" pin="16" pinfunction="SCL" pintype="input"/>
    </net>
    <net code="4" name="/SDA">
      <node ref="J1" pin="2" pinfunction="Pin_2" pintype="passive"/>
      <node ref="J2" pin="4" pinfunction="Pin_4" pintype="passive"/>
      <node ref="R1" pin="2" pintype="passive"/>
      <node ref="U1" pin="15" pinfunction="SDA" pintype="bidirectional"/>
    </net>
    <net code="5" name="GND">
      <node ref="BT1" pin="2" pinfunction="-" pintype="passive"/>
      <node ref="C1" pin="2" pintype="passive"/>
      <node ref="J1" pin="4" pinfunction="Pin_4" pintype="passive"/>
      <node ref="J2" pin="1" pinfunction="Pin_1" pintype="passive"/>
      <node ref="U1" pin="10" pinfunction="GND" pintype="passive"/>
      <node ref="U1" pin="11" pinfunction="GND" pintype="passive"/>
      <node ref="U1" pin="12" pinfunction="GND" pintype="passive"/>
      <node ref="U1" pin="13" pinfunction="GND" pintype="power_in"/>
      <node ref="U1" pin="5" pinfunction="GND" pintype="passive"/>
      <node ref="U1" pin="6" pinfunction="GND" pintype="passive"/>
      <node ref="U1" pin="7" pinfunction="GND" pintype="passive"/>
      <node ref="U1" pin="8" pinfunction="GND" pintype="passive"/>
      <node ref="U1" pin="9" pinfunction="GND" pintype="passive"/>
    </net>
    <net code="6" name="Net-(BT1-Pad1)">
      <node ref="BT1" pin="1" pinfunction="+" pintype="passive"/>
      <node ref="SW1" pin="2" pintype="passive"/>
    </net>
    <net code="7" name="Net-(SW1-Pad1)">
      <node ref="SW1" pin="1" pintype="passive"/>
      <node ref="U1" pin="14" pinfunction="VBAT" pintype="power_in"/>
    </net>
    <net code="8" name="unconnected-(U1-Pad1)">
      <node ref="U1" pin="1" pinfunction="32KHZ" pintype="open_collector+no_connect"/>
    </net>
    <net code="9" name="unconnected-(U1-Pad4)">
      <node ref="U1" pin="4" pinfunction="~{RST}" pintype="bidirectional+no_connect"/>
    </net>
  </nets>
</export>
