"Id";"Designator";"Footprint";"Quantity";"Designation";"Supplier and ref";
1;"LCD";"TE_1-1734839-0_1x10-1MP_P0.5mm_Horizontal";1;"~";;;
2;"SW2,SW1";"SW_Push_1P1T_NO_Vertical_Wuerth_434133025816";2;"SW_Push";;;
3;"R4";"R_0603_1608Metric";1;"10K";;;
4;"R2,R1";"R_0603_1608Metric";2;"10k";;;
5;"RV3032";"RV_3032_C7";1;"~";;;
6;"U1";"XIAO-Generic-Thruhole-14P-2.54-21X17.8MM";1;"SeeeduinoXIAO";;;
7;"3V Backup Battery";"CR44_Tabs";1;"Battery_Cell";;;
8;"QWIIC";"JST_SH_SM04B-SRSS-TB_1x04-1MP_P1.00mm_Horizontal";1;"QWIIC";;;
9;"R3";"R_0603_1608Metric";1;"100K";;;
10;"R5,R6";"R_0603_1608Metric";2;"4.7K";;;
